Participant,Session,Session_Game_MATB,SYSMON,TRACK,RESMAN,session_factor_MATB,Group_MATB,SYSMON_log,TRACK_log,RESMAN_log,SYSMON_log_inv,TRACK_log_inv,RESMAN_log_inv,SYSMON_z,TRACK_z,RESMAN_z,MATB_z_mean,Date,Session_Game_SF,TotalScore,Flight,Bonus,Mine,Fortress,NumberofBonus,NumberofMine,Bonus_Prct,Mine_Prct,FortressShot,session_factor_SF,Group_SF,SF_zscore,Group,oddball_percentage_VFR-low,oddball_percentage_IFR-high,oddball_percentage_IFR-low,oddball_percentage_VFR-high,TLX_raw_VFR-low,TLX_raw_IFR-high,TLX_raw_IFR-low,TLX_raw_VFR-high,simu_zscore_VFR-low,simu_zscore_IFR-high,simu_zscore_IFR-low,simu_zscore_VFR-high,oddball_percentage_mean,TLX_raw_mean,simu_zscore_mean
P001,E1,1.0,3.06,4.3,67.07,1.0,B,1.4011829736136414,1.667706820558076,4.22053658745986,-1.4011829736136414,-1.667706820558076,-4.22053658745986,-0.3443439332027281,-1.5156037536713265,1.5662837310833877,-0.0978879852635556,0022-09-26 14:31:38,8.0,2290.0,-150.0,250.0,940.0,1250.0,14.0,20.0,28.5714285714286,85.0,61.0,1.0,B,-0.837199728316818,B,20.0,52.8571428571429,14.7368421052632,15.9090909090909,66.6666666666667,90.0,69.1666666666667,63.3333333333333,-0.627204757213175,-1.89694430590746,0.0911202025455404,-0.36325340740335,25.8757689678743,72.2916666666667,-0.699070566994611
P001,E2,3.0,1.87,2.85,183.42,12.0,B,1.0543120297715298,1.3480731482996928,5.217215765110995,-1.0543120297715298,-1.3480731482996928,-5.217215765110995,0.5785852979934267,0.259957349912741,-0.2118064634530996,0.208912061484356,0022-11-08 10:33:27,4.0,5600.0,-150.0,700.0,1050.0,4000.0,12.0,21.0,83.3333333333333,95.2380952380952,197.0,12.0,B,0.658179336852042,B,6.25,18.9873417721519,14.2857142857143,6.02409638554219,20.0,14.1666666666667,9.16666666666667,8.33333333333333,-0.458862764795854,0.0271751707222487,-0.668394931318999,-0.267185846037,11.3867881108521,12.9166666666667,-0.341817092857401
P001,E3,1.0,1.51,2.77,148.51,13.0,B,0.9202827531436923,1.3270750014599193,5.007363280225836,-0.9202827531436923,-1.3270750014599193,-5.007363280225836,0.93520074656848,0.3766017963899244,0.1625734313419194,0.4914586581001079,0022-12-19 10:47:47,2.0,5790.0,-100.0,800.0,1090.0,4000.0,14.0,21.0,78.5714285714286,95.2380952380952,200.0,13.0,B,0.74401680584965,B,1.2048192771084,33.3333333333333,9.8765432098765,5.63380281690139,17.5,32.5,15.8333333333333,19.1666666666667,0.578468506595345,-0.93208009802633,0.334279950218585,0.13092696253206,12.5121246593049,21.25,0.027898830329915
P002,E1,3.0,18.59,5.0,512.28,1.0,B,2.975019231956449,1.791759469228055,6.240821505238095,-2.975019231956449,-1.791759469228055,-6.240821505238095,-4.531894126516487,-2.204714685628894,-2.0379340383068123,-2.9248476168173982,0022-10-17 18:07:37,0.0,1090.0,-220.0,150.0,910.0,250.0,10.0,21.0,30.0,85.7142857142857,13.0,1.0,B,-1.37933111145961,B,,1.0416666666667,0.0,0.0,35.0,70.8333333333333,58.3333333333333,56.6666666666667,-1.04757630206919,,-0.0581782138141025,0.207547773852219,0.347222222222233,55.2083333333333,-0.299402247343691
P002,E2,2.0,1.53,3.17,185.9,12.0,B,0.928219302739429,1.42791603581071,5.230573714461517,-0.928219302739429,-1.42791603581071,-5.230573714461517,0.9140837468693715,-0.1835689045671083,-0.2356372399876843,0.1649592007715263,0022-12-08 18:49:34,2.0,4920.0,-100.0,400.0,870.0,3750.0,13.0,21.0,61.5384615384615,80.9523809523809,191.0,12.0,B,0.350971553071128,B,0.0,15.7894736842105,6.4935064935065,2.4096385542169,36.6666666666667,79.1666666666667,55.0,70.0,-0.155488021758689,-0.545371826859274,0.157808226527957,-0.0742158595597474,6.17315468298348,60.2083333333333,-0.154316870412438
P002,E3,1.0,1.68,2.96,180.44,13.0,B,0.9858167945227652,1.3762440252663892,5.200925020539387,-0.9858167945227652,-1.3762440252663892,-5.200925020539387,0.7608324879959334,0.1034684761263636,-0.1827435374544443,0.2271858088892842,0023-01-12 17:56:42,4.0,4850.0,0.0,500.0,850.0,3500.0,15.0,20.0,53.3333333333333,90.0,190.0,13.0,B,0.319347222387799,B,0.0,1.25,1.2345679012346,0.0,22.5,70.0,47.5,55.8333333333333,0.369327401104653,0.296977173829914,-0.0579784979946944,0.852966854612239,0.62114197530865,48.9583333333333,0.365323232888028
P003,E1,4.0,2.87,3.25,71.24,1.0,B,1.3532545070416904,1.4469189829363254,4.27999390910873,-1.3532545070416904,-1.4469189829363254,-4.27999390910873,-0.2168193204009247,-0.2891300412624682,1.4602110017760417,0.3180872133708829,0022-10-19 17:33:16,8.0,3020.0,0.0,1050.0,970.0,1000.0,14.0,21.0,85.7142857142857,90.4761904761905,54.0,1.0,B,-0.507403136904955,B,0.0,14.7727272727273,4.21052631578949,1.0416666666667,50.0,80.0,59.1666666666667,65.8333333333333,0.0443192839275859,-0.00187885429136,-0.243354485884219,-0.111651431750151,5.00623006379587,63.75,-0.078141371999536
P003,E2,5.0,1.08,2.11,66.79,12.0,B,0.7323678937132266,1.1346227261911428,4.216414691442874,-0.7323678937132266,-1.1346227261911428,-4.216414691442874,1.435191073874292,1.445671809724639,1.5736372537163923,1.4848333791051076,0022-12-09 14:21:25,1.0,7870.0,0.0,1150.0,1220.0,5500.0,15.0,24.0,100.0,95.8333333333333,258.0,12.0,B,1.68371120329715,B,0.0,0.0,0.0,0.0,22.5,65.0,27.5,32.5,0.630465850073952,0.293976938842217,0.140919207122648,0.657186553052928,0.0,36.875,0.430637137272936
P003,E3,1.0,1.41,2.05,73.85,13.0,B,0.8796267475025636,1.1151415906193205,4.3154861108656375,-0.8796267475025636,-1.1151415906193205,-4.3154861108656375,1.043375318973579,1.5538892773355433,1.3968923960084416,1.3313856641058546,0023-01-18 19:07:29,3.0,7000.0,-100.0,750.0,1100.0,5250.0,11.0,23.0,100.0,86.9565217391304,262.0,13.0,B,1.29066595051863,B,0.0,2.4390243902439,0.0,1.21951219512199,30.8333333333333,55.0,40.8333333333333,26.6666666666667,-0.161862882345004,0.099626516563536,0.682372822674972,0.111018960548527,0.914634146341473,38.3333333333333,0.182788854360508
P004,E1,5.0,3.01,4.42,131.69,1.0,A,1.3887912413184778,1.6900958154515549,4.888015580548345,-1.3887912413184778,-1.6900958154515549,-4.888015580548345,-0.3113729041690317,-1.6399743439171124,0.3754914688564069,-0.5252852597432457,0022-10-27 17:13:19,8.0,2170.0,-590.0,1000.0,1010.0,750.0,14.0,20.0,85.7142857142857,95.0,46.0,1.0,A,-0.891412866631097,A,5.31914893617019,39.3258426966292,4.3010752688172,14.5833333333333,35.0,78.3333333333333,36.6666666666667,49.1666666666667,-0.144395682107638,0.0505253026616928,-1.14604444184402,-0.22235541201539,15.8823500587375,49.7916666666667,-0.365567558326339
P004,E2,5.0,1.08,2.61,67.34,12.0,A,0.7323678937132266,1.2837077723447896,4.2244952466871455,-0.7323678937132266,-1.2837077723447896,-4.2244952466871455,1.435191073874292,0.6175062187650399,1.5592214252648438,1.2039729059680584,0022-12-14 19:16:40,5.0,6350.0,-750.0,1100.0,1000.0,5000.0,17.0,21.0,88.2352941176471,85.7142857142857,262.0,12.0,A,0.997011451316285,A,2.35294117647059,10.3448275862069,8.641975308642,1.123595505618,31.6666666666667,75.8333333333333,67.5,56.6666666666667,0.436079262951956,0.191912196013681,-0.309402208541397,0.299776775545398,5.61583489423437,57.9166666666667,0.154591506492409
P004,E3,2.0,0.95,2.85,64.25,13.0,A,0.6678293725756554,1.3480731482996928,4.178226046202803,-0.6678293725756554,-1.3480731482996928,-4.178226046202803,1.6069105238699304,0.259957349912741,1.6417663539992229,1.169544742593965,0023-01-10 17:32:45,5.0,6355.0,-475.0,600.0,980.0,5250.0,14.0,20.0,78.5714285714286,90.0,263.0,13.0,A,0.99927033207938,A,1.1904761904762,11.9047619047619,2.4691358024691,5.88235294117651,24.1666666666667,80.8333333333333,34.1666666666667,45.0,-0.0664029452315728,0.184933816670575,0.0513668323760217,-0.44061804126161,5.36168170972093,46.0416666666667,-0.0676800843616465
P005,E1,1.0,6.36,3.84,189.88,1.0,A,1.9960599327407849,1.5769147207285403,5.251644958349606,-1.9960599327407849,-1.5769147207285403,-5.251644958349606,-1.9271497123844736,-1.0112547599278576,-0.2732286465147015,-1.0705443729423445,0023-01-18 15:26:53,6.0,1320.0,-240.0,300.0,760.0,500.0,13.0,18.0,38.4615384615385,83.3333333333333,28.0,1.0,A,-1.27542259635724,A,25.3731343283582,80.7692307692308,44.5544554455445,49.0909090909091,68.3333333333333,84.1666666666667,72.5,76.6666666666667,-1.18397572130166,-1.5450214687835,-0.834715976986998,-0.445723005214482,49.9469324085106,75.4166666666667,-1.00235904307166
P005,E2,4.0,1.88,2.48,43.54,12.0,A,1.0577902941478543,1.247032293786383,3.796387661829221,-1.0577902941478543,-1.247032293786383,-3.796387661829221,0.5693305825906874,0.8212380494058289,2.3229716027658105,1.2378467449207755,0023-04-17 18:38:11,4.0,6090.0,-150.0,1000.0,740.0,4500.0,15.0,21.0,100.0,76.1904761904762,244.0,12.0,A,0.879549651635347,A,43.0769230769231,36.0,35.7142857142857,34.375,42.5,68.3333333333333,63.3333333333333,70.8333333333333,-0.726845923956039,-0.0903654649453461,-1.00488756597485,-0.189193164706242,37.2915521978022,61.25,-0.502823029895619
P005,E3,2.0,1.29,2.88,63.51,13.0,A,0.8285518175661483,1.355835153635182,4.16682025054415,-0.8285518175661483,-1.355835153635182,-4.16682025054415,1.1792718149368435,0.2168395060944411,1.6621144598654771,1.019408593632254,0023-05-16 14:26:31,1.0,6490.0,-50.0,1250.0,1040.0,4250.0,17.0,23.0,100.0,86.9565217391304,228.0,13.0,A,1.06026011268294,A,12.0481927710843,26.5625,8.5365853658537,10.3896103896104,44.1666666666667,75.0,42.5,44.1666666666667,-1.15099105965132,-1.56196386582809,-0.149996325469051,-0.349063484760775,14.3842221316371,51.4583333333333,-0.803003683927309
P006,E1,4.0,2.63,5.41,315.15,1.0,B,1.289232648276759,1.8578592709325787,5.756216784504622,-1.289232648276759,-1.8578592709325787,-5.756216784504622,-0.0464745684445253,-2.57189826810921,-1.1733921461073855,-1.2639216608870405,0023-01-19 18:32:00,0.0,485.0,-895.0,200.0,680.0,500.0,11.0,19.0,36.3636363636364,78.9473684210526,27.0,1.0,B,-1.6526556837941,B,7.8947368421053,38.961038961039,31.7073170731707,31.4465408805032,56.6666666666667,71.6666666666667,36.6666666666667,77.5,-0.106569389317623,0.07247496608861,-0.0723837394999302,-0.849655771201534,27.5024084392046,60.625,-0.239033483482619
P006,E2,1.0,1.77,3.35,91.59,12.0,B,1.0188473201992472,1.4701758451005926,4.528181144459956,-1.0188473201992472,-1.4701758451005926,-4.528181144459956,0.6729472436138717,-0.4183216234838431,1.017441352843332,0.4240223243244536,0023-04-21 15:06:59,2.0,4300.0,-100.0,600.0,800.0,3000.0,8.0,19.0,100.0,84.2105263157895,155.0,12.0,B,0.0708703384473536,B,21.5189873417722,40.0,11.2676056338028,11.9402985074627,54.1666666666667,75.8333333333333,25.8333333333333,55.8333333333333,-0.603607111789608,-0.372472080308316,-0.286587576188217,-0.73579755716219,21.1817228707594,52.9166666666667,-0.499616081362083
P006,E3,5.0,1.95,3.69,84.39,13.0,B,1.0818051703517284,1.5454325824581878,4.447228997919515,-1.0818051703517284,-1.5454325824581878,-4.447228997919515,0.5054335291603466,-0.8363718704765031,1.1618611633679805,0.2769742740172746,0023-05-23 19:21:38,2.0,4530.0,-50.0,600.0,980.0,3000.0,12.0,20.0,66.6666666666667,90.0,150.0,13.0,B,0.174778853549722,B,2.4096385542169,16.8539325842697,7.9545454545455,6.89655172413789,20.0,72.5,40.8333333333333,37.5,-0.0937525894717336,0.470134111148315,-0.176135435595687,0.156251024085274,8.5286670792925,42.7083333333333,0.0891242775415421
P007,E1,5.0,3.27,3.31,444.31,1.0,B,1.451613827240533,1.4609379041156565,6.098770668846224,-1.451613827240533,-1.4609379041156565,-6.098770668846224,-0.4785267172978375,-0.3670049753529843,-1.7845132736537923,-0.8766816554348714,0023-01-20 18:26:40,0.0,2185.0,-85.0,200.0,570.0,1500.0,13.0,18.0,30.7692307692308,77.7777777777778,83.0,1.0,B,-0.884636224341812,B,13.4328358208955,28.0487804878049,3.9473684210526,14.2857142857143,38.3333333333333,88.3333333333333,55.8333333333333,60.8333333333333,0.251796983662515,-0.43786021993965,-0.225732281338072,0.660034282910167,14.9286747538668,60.8333333333333,0.06205969132374
P007,E2,3.0,1.6,2.64,202.85,12.0,B,0.9555114450274363,1.2919836816486494,5.317384429265262,-0.9555114450274363,-1.2919836816486494,-5.317384429265262,0.8414667798194244,0.571533644746479,-0.3905088217709165,0.3408305342649957,0023-04-20 11:43:29,2.0,7925.0,-705.0,400.0,980.0,7250.0,12.0,20.0,83.3333333333333,90.0,335.0,12.0,B,1.7085588916912,B,10.6666666666667,11.7647058823529,8.8607594936709,4.41176470588231,23.3333333333333,64.1666666666667,29.1666666666667,30.8333333333333,0.254879064705365,-0.162425244950786,-0.250846156645035,-0.28148534451049,8.9259741871432,36.875,-0.109969420350237
P007,E3,1.0,1.66,2.95,157.12,13.0,B,0.9783261227936078,1.3737155789130306,5.063354238428484,-0.9783261227936078,-1.3737155789130306,-5.063354238428484,0.7807631279727452,0.1175139644061258,0.0626847449970754,0.3203206124586488,0023-05-23 14:32:51,3.0,7835.0,-85.0,600.0,820.0,6500.0,14.0,18.0,92.8571428571429,94.4444444444444,328.0,13.0,B,1.66789903795549,B,6.9444444444444,5.63380281690139,0.0,1.3333333333333,16.6666666666667,66.6666666666667,38.3333333333333,39.1666666666667,-0.267779861740948,0.0970055865113329,0.203214302564149,0.501046488743079,3.47789514866977,40.2083333333333,0.133371629019403
P008,E1,2.0,6.57,4.14,69.29,1.0,A,2.0241930674493576,1.6370530794670737,4.252629541187814,-2.0241930674493576,-1.6370530794670737,-4.252629541187814,-2.0020043315120404,-1.3453226003248708,1.509029433394666,-0.6127658328140818,0023-01-30 19:28:36,0.0,2490.0,-100.0,300.0,1040.0,1250.0,13.0,22.0,46.1538461538462,86.3636363636364,77.0,1.0,A,-0.74684449779302,A,23.4375,64.6153846153846,32.3529411764706,23.0769230769231,64.1666666666667,79.1666666666667,66.6666666666667,64.1666666666667,0.148194451355077,0.338441872430182,0.442567146730292,0.116323484390107,35.8706872171946,68.5416666666667,0.261381738726415
P008,E2,1.0,1.48,2.5,161.19,12.0,A,0.9082585601768908,1.252762968495368,5.088768487499598,-0.9082585601768908,-1.252762968495368,-5.088768487499598,0.9671938534216612,0.7894042221414047,0.0173453538588446,0.5913144764739702,0023-04-04 17:46:50,3.0,6710.0,-100.0,650.0,1160.0,5000.0,11.0,22.0,100.0,95.4545454545455,283.0,12.0,A,1.15965086625912,A,23.4375,53.7313432835821,35.7142857142857,26.6666666666667,55.8333333333333,74.1666666666667,55.8333333333333,57.5,-0.354199034343459,0.357238176867168,0.161834788791405,0.0991934069316941,34.8874489161336,60.8333333333333,0.066016834561702
P008,E3,5.0,1.53,2.89,165.04,13.0,A,0.928219302739429,1.358409157630355,5.112228723184838,-0.928219302739429,-1.358409157630355,-5.112228723184838,0.9140837468693715,0.2025409456767997,-0.0245080488898198,0.3640388812187838,0023-05-02 18:38:30,3.0,6740.0,-50.0,700.0,1090.0,5000.0,15.0,20.0,80.0,100.0,280.0,13.0,A,1.17320415083769,A,33.8028169014084,66.1971830985916,32.8358208955224,30.7692307692308,42.5,82.5,75.0,62.5,-0.165644645816969,-0.289140992367346,-0.3382157795837,0.359345930779042,40.9012629161883,65.625,-0.108413871747243
P009,E1,5.0,3.98,4.0,131.41,1.0,A,1.6054298910365616,1.6094379124341005,4.885903169351665,-1.6054298910365616,-1.6094379124341005,-4.885903169351665,-0.8877894244374279,-1.1919206883602012,0.3792600412514851,-0.5668166905153813,0023-03-16 17:37:34,0.0,760.0,-540.0,500.0,550.0,250.0,13.0,17.0,46.1538461538462,76.4705882352941,20.0,1.0,A,-1.52841724182387,A,30.7692307692308,55.5555555555556,47.5,41.5929203539823,66.6666666666667,72.5,66.6666666666667,75.0,-1.17281501174815,-2.4068010518163,-1.03837555034128,-1.09631914855414,43.8544266696922,70.2083333333333,-1.42857769061497
P009,E2,5.0,1.06,2.17,136.15,12.0,A,0.7227059828014898,1.1537315878891892,4.9210752173836125,-0.7227059828014898,-1.1537315878891892,-4.9210752173836125,1.4608987907296824,1.3395223188869174,0.3165125944002751,1.0389779013389584,0023-05-12 09:43:28,4.0,2810.0,-120.0,750.0,930.0,1250.0,12.0,19.0,75.0,94.7368421052632,76.0,12.0,A,-0.602276128954943,A,22.3529411764706,56.0,41.7582417582418,43.8775510204082,57.5,76.6666666666667,69.1666666666667,69.1666666666667,-0.200912402873278,-1.79124273669167,-0.851576869431008,-1.45113684391279,40.9971834887802,68.125,-1.07371721322719
P009,E3,2.0,1.39,2.26,113.06,13.0,A,0.8712933659434192,1.181727195378616,4.736724625728393,-0.8712933659434192,-1.181727195378616,-4.736724625728393,1.0655481805873388,1.1840070648831065,0.6453967395989837,0.964983995023143,0023-06-09 15:21:48,1.0,3360.0,-220.0,1450.0,880.0,1250.0,17.0,18.0,94.1176470588235,94.4444444444444,66.0,13.0,A,-0.353799245014498,A,19.2771084337349,39.7727272727273,15.6626506024096,22.6190476190476,59.1666666666667,64.1666666666667,59.1666666666667,67.5,0.0941250603678878,-0.20791987385472,0.253060425011724,-0.286425845988796,24.3328834819798,62.5,-0.036790058615976
P010,E1,3.0,2.44,3.78,80.6,1.0,A,1.235471471385307,1.5644405465033644,4.401829261970061,-1.235471471385307,-1.5644405465033644,-4.401829261970061,0.0965692999955292,-0.9419608760980934,1.2428549546865804,0.1324877928613387,,,,,,,,,,,,,,,,,,,,,,,,,,,,,,,
P011,E1,5.0,3.71,3.98,297.01,1.0,A,1.5496879080283263,1.6054298910365616,5.697127042989359,-1.5496879080283263,-1.6054298910365616,-5.697127042989359,-0.7394751697082776,-1.169656178975065,-1.0679751851214083,-0.9923688446015836,0023-04-03 19:24:30,0.0,1290.0,-450.0,200.0,790.0,750.0,13.0,20.0,53.8461538461538,75.0,37.0,1.0,A,-1.28897588093581,A,21.5189873417722,29.8245614035088,32.4675324675325,28.9473684210526,66.6666666666667,100.0,86.6666666666667,91.6666666666667,-0.131846641768989,-1.04690374953525,-1.12739458037451,-0.0980339564142744,28.1896124084665,86.25,-0.601044732023256
P011,E2,3.0,1.17,3.38,178.93,12.0,A,0.7747271675523681,1.4770487243883548,5.192567886364428,-0.7747271675523681,-1.4770487243883548,-5.192567886364428,1.322484568090454,-0.4565003830830955,-0.1678342881552458,0.2327166322840375,0023-05-22 18:29:00,2.0,6490.0,-100.0,300.0,1040.0,5250.0,7.0,20.0,100.0,95.0,287.0,12.0,A,1.06026011268294,A,18.8235294117647,32.5,15.6626506024096,21.3483146067416,30.8333333333333,84.1666666666667,64.1666666666667,70.0,-0.773255537555639,,-0.68605557976699,-0.467248887056021,22.083623655229,62.2916666666667,-0.642186668126217
P011,E3,4.0,1.1,3.55,202.33,13.0,A,0.7419373447293773,1.5151272329628591,5.31483027492225,-0.7419373447293773,-1.5151272329628591,-5.31483027492225,1.4097293676515723,-0.668026028143193,-0.3859521731577233,0.1185837221168854,0023-06-22 18:24:49,3.0,5860.0,-150.0,800.0,960.0,4250.0,14.0,19.0,85.7142857142857,94.7368421052632,244.0,13.0,A,0.775641136532979,A,9.1954022988506,29.4117647058823,13.4146341463415,7.3170731707317,5.0,70.8333333333333,40.8333333333333,16.6666666666667,-0.424895138016528,-0.264966886904363,-0.646709716792443,-0.0010404874949064,14.8347185804515,33.3333333333333,-0.33440305730206
P012,E1,5.0,4.46,3.25,189.9,1.0,B,1.6974487897568136,1.4469189829363254,5.251749730731702,-1.6974487897568136,-1.4469189829363254,-5.251749730731702,-1.1326266844013408,-0.2891300412624682,-0.2734155619729966,-0.5650574292122685,0023-04-17 16:05:46,6.0,3640.0,-350.0,800.0,940.0,2250.0,13.0,22.0,76.9230769230769,86.3636363636364,129.0,1.0,B,-0.22730192228118,B,4.0,40.3225806451613,10.7142857142857,28.75,34.1666666666667,88.3333333333333,55.8333333333333,66.6666666666667,0.490303276055319,-1.09074048323195,0.206388792027297,-0.330406079714513,20.9467165898618,61.25,-0.181113623715962
P012,E2,3.0,2.43,2.15,171.01,12.0,B,1.2325602611778486,1.1474024528375415,5.1475526146583,-1.2325602611778486,-1.1474024528375415,-5.1475526146583,0.1043152384960541,1.3746805859669622,-0.0875263866560948,0.4638231459356405,0023-06-02 11:10:47,5.0,10155.0,-135.0,700.0,1090.0,8500.0,12.0,20.0,100.0,100.0,411.0,12.0,B,2.71601971203155,B,17.2839506172839,40.7407407407407,23.3766233766234,15.2941176470588,31.6666666666667,80.0,25.8333333333333,23.3333333333333,-0.839988167886968,-0.0967339506076789,0.0416412314735848,-0.0328219875140349,24.1738580954267,40.2083333333333,-0.231975718633774
P012,E3,5.0,1.9,2.49,240.14,13.0,B,1.0647107369924282,1.249901736214336,5.485377677689165,-1.0647107369924282,-1.249901736214336,-5.485377677689165,0.550917166571078,0.8052983321412206,-0.6902112279903725,0.2220014235739754,0023-07-04 16:05:32,5.0,9830.0,-400.0,600.0,880.0,8750.0,13.0,18.0,92.3076923076923,94.4444444444444,430.0,13.0,B,2.56919246243037,B,14.7058823529412,24.3243243243243,12.6984126984127,20.0,17.5,27.5,24.1666666666667,25.0,0.233694330422878,-0.0493780086585741,-0.328236250834695,0.457158873066898,17.9321548439196,23.5416666666667,0.0783097359991267
P013,E1,3.0,2.13,2.76,137.5,1.0,B,1.1410330045520618,1.324418957401803,4.930870325627393,-1.1410330045520618,-1.324418957401803,-4.930870325627393,0.3478443725753299,0.3913560883444484,0.2990379783821746,0.3460794797673176,0023-04-21 19:01:01,0.0,2255.0,-255.0,600.0,910.0,1000.0,9.0,19.0,77.7777777777778,89.4736842105263,65.0,1.0,B,-0.853011893658483,B,2.5641025641026,41.4634146341463,21.5189873417722,100.0,35.0,69.1666666666667,56.6666666666667,68.3333333333333,-0.188373214634277,0.480494689672665,,-1.37601510871403,41.3866261350053,57.2916666666667,-0.361297877891881
P013,E2,5.0,1.12,2.2,178.51,12.0,B,0.7514160886839212,1.1631508098056809,5.190230916682979,-0.7514160886839212,-1.1631508098056809,-5.190230916682979,1.3845090082470837,1.287198657419143,-0.1636651001470186,0.8360141885064026,0023-06-06 15:39:33,5.0,7475.0,-85.0,600.0,960.0,6000.0,11.0,20.0,90.9090909090909,95.0,321.0,12.0,B,1.50525962301265,B,17.3333333333333,41.025641025641,29.3333333333333,25.3012048192771,35.8333333333333,70.0,45.8333333333333,45.0,-0.150331647409688,0.263211312871511,0.246651458519729,-0.0010487557216682,28.2483781278962,49.1666666666667,0.0896205920649709
P013,E3,1.0,1.39,1.85,197.39,13.0,B,0.8712933659434192,1.0473189942805592,5.29023479035468,-0.8712933659434192,-1.0473189942805592,-5.29023479035468,1.0655481805873388,1.9306429627415056,-0.342073469839636,0.8847058911630694,0023-06-28 19:26:49,3.0,8070.0,-50.0,500.0,870.0,6750.0,14.0,20.0,64.2857142857143,85.0,362.0,13.0,B,1.77406643382095,B,10.2564102564102,52.5641025641026,41.025641025641,34.6666666666667,30.8333333333333,80.8333333333333,70.8333333333333,54.1666666666667,0.448092933382165,0.638727715966132,-0.159100770556346,0.380848735827623,34.6282051282051,59.1666666666667,0.327142153654894
P014,E1,4.0,7.38,4.03,143.58,1.0,B,2.1258479144939915,1.615419984111648,4.973832987572151,-2.1258479144939915,-1.615419984111648,-4.973832987572151,-2.2724802289483264,-1.2251510226815463,0.2223919626450033,-1.091746429661623,0023-05-05 10:01:10,4.0,1910.0,-100.0,650.0,860.0,500.0,12.0,20.0,66.6666666666667,85.0,34.0,1.0,B,-1.00887466631203,B,1.1904761904762,28.9156626506024,14.2857142857143,23.3082706766917,60.0,99.1666666666667,66.6666666666667,76.6666666666667,1.04835068442744,-0.191684072848028,-0.240798921539084,0.507310700214661,16.9250309508712,75.625,0.280794597563747
P014,E2,4.0,1.59,2.89,175.06,12.0,B,0.9516578757114464,1.358409157630355,5.17082484603276,-0.9516578757114464,-1.358409157630355,-5.17082484603276,0.8517200795820781,0.2025409456767997,-0.1290443869713344,0.3084055460958477,0023-06-27 18:37:46,3.0,7210.0,-350.0,1200.0,860.0,5500.0,18.0,21.0,88.8888888888889,76.1904761904762,269.0,12.0,B,1.38553894256862,B,4.5454545454545,25.3333333333333,8.1081081081081,5.1948051948052,42.5,81.6666666666667,61.6666666666667,70.0,0.729751894995889,0.426571809548268,0.76135591777291,0.547724375348003,10.7954252954253,63.9583333333333,0.616350999416267
P014,E3,2.0,1.83,2.64,142.0,13.0,B,1.0402767116551463,1.2919836816486494,4.962844630259907,-1.0402767116551463,-1.2919836816486494,-4.962844630259907,0.6159294618350758,0.571533644746479,0.2419953524108155,0.4764861529974568,0023-07-27 13:03:54,4.0,6750.0,-150.0,600.0,1050.0,5250.0,13.0,20.0,76.9230769230769,100.0,254.0,13.0,B,1.17772191236388,B,7.4074074074074,39.7590361445783,7.5,2.5316455696203,46.6666666666667,80.8333333333333,65.0,71.6666666666667,0.0712864554569943,0.202629284080186,0.613907751527006,-0.250538081036365,14.2995222804015,66.0416666666667,0.159321352506955
P015,E1,3.0,5.88,3.15,116.36,1.0,A,1.928618651945252,1.423108334242607,4.765246133834726,-1.928618651945252,-1.423108334242607,-4.765246133834726,-1.7477068085019365,-0.1568621817063718,0.5945139530068331,-0.4366850124004917,0023-05-05 17:29:22,0.0,2350.0,-150.0,400.0,850.0,1250.0,9.0,21.0,77.7777777777778,80.9523809523809,84.0,1.0,A,-0.810093159159679,A,17.0212765957447,33.6734693877551,24.5283018867924,40.5063291139241,59.1666666666667,47.5,48.3333333333333,55.8333333333333,-0.154460397125145,0.181498329788999,-0.260611713826268,-0.333908103225083,28.9323442460541,52.7083333333333,-0.141870471096874
P015,E2,5.0,1.63,2.04,27.94,12.0,A,0.9669838461896731,1.1118575154181305,3.365224721203338,-0.9669838461896731,-1.1118575154181305,-3.365224721203338,0.8109418408684796,1.572132274536928,3.092172579534634,1.8250822316466808,0023-06-20 17:38:03,1.0,10970.0,-200.0,1500.0,920.0,8750.0,21.0,21.0,100.0,80.9523809523809,425.0,12.0,A,3.08421727641602,A,6.5934065934066,13.6363636363636,5.6818181818182,10.0,29.1666666666667,52.5,30.8333333333333,38.3333333333333,0.916019688827577,0.453242447066364,-0.104761233493011,0.0845621223500422,8.9778971028971,37.7083333333333,0.337265756187743
P015,E3,4.0,1.84,2.28,44.71,13.0,A,1.043804052173115,1.1878434223960523,3.822317092343653,-1.043804052173115,-1.1878434223960523,-3.822317092343653,0.6065441681683414,1.1500314993047998,2.276713120416173,1.3444295959631047,0023-07-20 14:44:32,5.0,9440.0,-100.0,650.0,890.0,8000.0,12.0,20.0,100.0,90.0,439.0,13.0,A,2.39299976290897,A,9.09090909090909,16.8674698795181,9.30232558139539,7.0588235294118,25.0,33.3333333333333,20.0,20.8333333333333,0.342919717600415,0.179438532220068,0.322388389685093,0.993564488079356,10.5798820203086,24.7916666666667,0.459577781896233
P016,E1,4.0,5.1,6.15,228.45,1.0,A,1.8082887711792652,1.9671123567059163,5.435685140840842,-1.8082887711792652,-1.9671123567059163,-5.435685140840842,-1.4275417260214982,-3.178797810873464,-0.6015590172359776,-1.7359661847103132,0023-05-12 20:22:35,0.0,850.0,-790.0,850.0,540.0,250.0,13.0,16.0,76.9230769230769,68.75,25.0,1.0,A,-1.48775738808816,A,32.9896907216495,76.056338028169,66.1538461538462,35.7142857142857,53.3333333333333,76.6666666666667,75.8333333333333,60.0,-0.870239049435297,-0.404103360733495,-0.404716417826529,-0.637326573826135,52.7285401544876,66.4583333333333,-0.579096350455364
P016,E2,3.0,1.9,3.56,233.42,12.0,A,1.0647107369924282,1.5173226235262949,5.457114378295034,-1.0647107369924282,-1.5173226235262949,-5.457114378295034,0.550917166571078,-0.6802213956214385,-0.63978908950807,-0.2563644395194768,0023-07-20 18:11:54,4.0,2920.0,-420.0,400.0,690.0,2250.0,13.0,19.0,61.5384615384615,78.9473684210526,130.0,12.0,A,-0.552580752166854,A,40.8450704225352,90.3846153846154,67.5,49.1228070175439,28.3333333333333,87.5,64.1666666666667,44.1666666666667,-0.582294812252908,-0.853607040640448,-0.346752271850793,-1.09308906225717,61.9631232061736,56.0416666666667,-0.71893579675033
P016,E3,1.0,3.93,4.85,280.48,13.0,A,1.5953389880545987,1.766441661243765,5.640061397098348,-1.5953389880545987,-1.766441661243765,-5.640061397098348,-0.8609402763708283,-2.0640745748192413,-0.9661692402607704,-1.2970613638169466,0023-08-25 18:02:27,4.0,2885.0,-985.0,700.0,670.0,2500.0,14.0,18.0,71.4285714285714,72.2222222222222,155.0,13.0,A,-0.568392917508519,A,26.1538461538461,75.9259259259259,69.8412698412698,55.8823529411765,29.1666666666667,78.3333333333333,41.6666666666667,39.1666666666667,-0.892794631303695,-0.902372884490173,-0.332542402562233,-0.572865858303709,56.9508487155546,47.0833333333333,-0.675143944164952
P017,E1,3.0,9.16,3.69,119.84,1.0,B,2.318458442150336,1.5454325824581878,4.794467356518472,-2.318458442150336,-1.5454325824581878,-4.794467356518472,-2.7849644521615318,-0.8363718704765031,0.542382865399701,-1.0263178190794444,0023-06-29 19:07:14,0.0,1860.0,-880.0,400.0,840.0,1500.0,14.0,22.0,42.8571428571429,72.7272727272727,91.0,1.0,B,-1.03146347394298,B,2.2988505747126,3.6144578313253,1.1111111111111,6.0975609756098,35.0,65.0,45.0,57.5,-0.133144622741259,0.408220219025541,-0.0015317089494723,0.0764797423446135,3.2804951231897,50.625,0.0875059074198558
P017,E2,2.0,1.18,2.13,162.53,12.0,B,0.7793248768009975,1.1410330045520618,5.096996459744299,-0.7793248768009975,-1.1410330045520618,-5.096996459744299,1.3102513143762646,1.4100627925632878,0.0026665313277063,0.9076602127557528,0023-08-03 17:49:24,5.0,7220.0,-150.0,200.0,920.0,6250.0,10.0,21.0,90.0,80.9523809523809,301.0,12.0,B,1.39005670409481,B,1.2048192771084,1.2658227848101,2.4390243902439,0.0,25.0,60.0,30.8333333333333,43.3333333333333,-0.103707765275615,0.767003413903328,0.424766266889681,0.826541265699255,1.2274166130406,39.7916666666667,0.478650795304162
P017,E3,1.0,1.48,2.18,146.5,13.0,B,0.9082585601768908,1.1568811967920856,4.993828175779875,-0.9082585601768908,-1.1568811967920856,-4.993828175779875,0.9671938534216612,1.3220262803125953,0.1867202551514713,0.8253134629619092,0023-09-05 18:33:18,5.0,8575.0,-235.0,400.0,910.0,7500.0,14.0,20.0,71.4285714285714,85.0,363.0,13.0,B,2.00221339089354,B,0.0,1.25,0.0,1.2345679012346,31.6666666666667,55.0,41.6666666666667,25.8333333333333,0.181799842245223,0.623563488373409,0.127772099527031,0.523838660760451,0.62114197530865,38.5416666666667,0.364243522726528
P018,E1,3.0,3.63,4.34,264.91,1.0,B,1.5325568680981427,1.6752256529721037,5.5831579056651615,-1.5325568680981427,-1.6752256529721037,-5.5831579056651615,-0.6938941321695677,-1.5573707749128252,-0.8646525813187332,-1.0386391628003755,0023-08-28 19:24:29,0.0,1740.0,-50.0,0.0,1040.0,750.0,14.0,21.0,28.5714285714286,90.4761904761905,42.0,1.0,B,-1.08567661225726,B,,,,,75.0,88.3333333333333,65.0,80.8333333333333,,,,,,77.2916666666667,
P018,E2,4.0,1.66,3.42,137.13,12.0,B,0.9783261227936078,1.4861396960896067,4.928195270711869,-0.9783261227936078,-1.4861396960896067,-4.928195270711869,0.7807631279727452,-0.5070006186573939,0.3038103153806764,0.1925242748986758,0023-10-20 11:27:43,2.0,5430.0,-150.0,550.0,1030.0,4000.0,12.0,22.0,100.0,90.9090909090909,226.0,12.0,B,0.581377390906813,B,16.6666666666667,38.7096774193548,33.6734693877551,35.0515463917526,24.1666666666667,61.6666666666667,53.3333333333333,59.1666666666667,0.626208469703248,0.250450087301156,-0.117102866966004,-0.650954184670718,31.0253399663823,49.5833333333333,0.0271503763419205
P018,E3,5.0,1.28,3.37,78.13,13.0,B,0.8241754429663495,1.4747630091074988,4.371092069621102,-0.8241754429663495,-1.4747630091074988,-4.371092069621102,1.1909161573544582,-0.4438032629146206,1.297690554294538,0.6816011495781252,0023-11-22 18:29:37,3.0,5450.0,-50.0,500.0,1000.0,4000.0,12.0,22.0,100.0,90.9090909090909,208.0,13.0,B,0.590412913959193,B,18.2795698924731,28.8888888888889,29.7872340425532,13.0,51.6666666666667,75.0,45.0,60.8333333333333,0.624999290382818,0.23881248694527,0.222309224205873,-0.270855728385643,22.4889232059788,58.125,0.203816318287079
P019,E1,,,,,,,,,,,,,,,,,0023-08-29 19:03:49,2.0,2890.0,-190.0,150.0,680.0,2250.0,13.0,17.0,38.4615384615385,82.3529411764706,125.0,1.0,B,-0.566134036745424,B,0.0,8.6538461538462,1.1363636363636,2.27272727272729,38.3333333333333,75.8333333333333,67.5,63.3333333333333,-0.209413472159948,-0.0908212980116014,-0.727679371533267,0.129123684489245,3.01573426573427,61.25,-0.224697614303893
P019,E2,2.0,1.48,2.47,116.18,12.0,B,0.9082585601768908,1.244154593958768,4.763711214116642,-0.9082585601768908,-1.244154593958768,-4.763711214116642,0.9671938534216612,0.8372236364236239,0.5972522721784613,0.8005565873412488,0023-10-17 18:46:26,5.0,7530.0,-120.0,700.0,950.0,6000.0,14.0,20.0,85.7142857142857,90.0,331.0,12.0,B,1.53010731140669,B,2.27272727272729,21.505376344086,12.0879120879121,2.27272727272729,29.1666666666667,65.8333333333333,47.5,46.6666666666667,0.0081802870419066,0.269638312040992,0.785165741769834,-0.081280293059972,9.53468574436317,47.2916666666667,0.24542601194819
P019,E3,4.0,1.47,2.35,107.38,13.0,B,0.9042181506398858,1.208960345836975,4.685643570137968,-0.9042181506398858,-1.208960345836975,-4.685643570137968,0.9779442841911032,1.0327272502745048,0.7365260880478591,0.9157325408378224,0023-11-20 18:36:21,4.0,7460.0,-100.0,950.0,860.0,5750.0,15.0,20.0,93.3333333333333,85.0,313.0,13.0,B,1.49848298072336,B,2.247191011236,9.09090909090909,2.32558139534881,2.27272727272729,31.6666666666667,42.5,55.8333333333333,35.8333333333333,-0.361217879291546,0.35706441301298,0.1838343561349,0.0247160481480319,3.9841021925553,41.4583333333333,0.0510992345010915
P020,E1,4.0,2.64,2.75,115.38,1.0,A,1.2919836816486494,1.3217558399823195,4.756860699228524,-1.2919836816486494,-1.3217558399823195,-4.756860699228524,-0.0537943199543813,0.4061496727340485,0.6094736906882738,0.3206096811559803,0023-08-31 14:53:08,0.0,5160.0,-100.0,850.0,910.0,3500.0,14.0,21.0,92.8571428571429,85.7142857142857,213.0,1.0,A,0.459397829699686,A,1.2345679012346,17.9775280898876,0.0,3.2967032967033,61.6666666666667,71.6666666666667,58.3333333333333,66.6666666666667,0.615041905217205,0.720514668650324,0.880721364899388,0.201332131913292,5.62719982195638,64.5833333333333,0.604402517670052
P020,E2,4.0,1.22,2.07,105.79,12.0,A,0.797507195884188,1.1216775615991057,4.670864289183454,-0.797507195884188,-1.1216775615991057,-4.670864289183454,1.2618731089637911,1.5175820392280386,0.7628925409012758,1.1807825630310351,0023-10-11 09:32:32,3.0,10950.0,0.0,1100.0,1100.0,8750.0,17.0,21.0,100.0,100.0,435.0,12.0,A,3.07518175336364,A,1.1904761904762,5.81395348837211,0.0,4.7619047619048,40.0,67.5,60.0,55.8333333333333,-0.133148266913859,0.751114562638353,0.909585738771092,0.461059926439789,2.94158361018828,55.8333333333333,0.497152990233844
P020,E3,5.0,1.17,2.04,148.71,13.0,A,0.7747271675523681,1.1118575154181305,5.008700089461746,-0.7747271675523681,-1.1118575154181305,-5.008700089461746,1.322484568090454,1.572132274536928,0.1601885441609326,1.0182684622627716,0023-11-09 17:56:51,3.0,10320.0,-100.0,800.0,1120.0,8500.0,15.0,21.0,93.3333333333333,95.2380952380952,443.0,13.0,A,2.79056277721368,A,0.0,3.3333333333333,0.0,1.1627906976744,25.8333333333333,70.8333333333333,55.8333333333333,42.5,0.672335017011096,1.19945554410169,1.10707998286748,1.59813741982483,1.12403100775193,48.75,1.14425199095127
P021,E1,2.0,6.23,4.03,149.99,1.0,B,1.9782390361706732,1.615419984111648,5.017213609456379,-1.9782390361706732,-1.615419984111648,-5.017213609456379,-1.8797331539708475,-1.2251510226815463,0.1450003002777583,-0.9866279587915452,0023-08-31 16:53:49,0.0,3335.0,-35.0,400.0,970.0,2000.0,14.0,20.0,50.0,95.0,115.0,1.0,B,-0.365093648829973,B,1.1363636363636,33.3333333333333,10.8433734939759,10.8433734939759,28.3333333333333,79.1666666666667,59.1666666666667,59.1666666666667,0.274413109431626,-0.795419173672993,0.220061113190698,-0.0315090072336149,14.0391109894122,56.4583333333333,-0.083113489571071
P021,E2,5.0,1.38,2.98,71.23,12.0,B,0.8671004876833833,1.3812818192963463,4.279855472062756,-0.8671004876833833,-1.3812818192963463,-4.279855472062756,1.0767042891566267,0.0754835924804723,1.4604579754858644,0.8708819523743211,0023-10-13 14:05:30,4.0,6495.0,-85.0,400.0,1180.0,5000.0,12.0,22.0,91.6666666666667,100.0,246.0,12.0,B,1.06251899344604,B,10.0,37.9746835443038,19.7674418604651,16.4705882352941,20.8333333333333,68.3333333333333,31.6666666666667,27.5,0.0685347992688041,0.230931392616941,0.85315980832638,0.740013388797687,21.0531784100158,37.0833333333333,0.473159847252453
P021,E3,1.0,2.02,2.72,71.05,13.0,B,1.1052568313867783,1.3137236682850553,4.277360322445531,-1.1052568313867783,-1.3137236682850553,-4.277360322445531,0.4430350380973319,0.4507682873568611,1.4649093588073694,0.7862375614205209,0023-11-13 17:28:15,4.0,6115.0,-185.0,400.0,650.0,5250.0,12.0,18.0,83.3333333333333,77.7777777777778,283.0,13.0,B,0.890844055450822,B,3.3707865168539,31.25,8.1395348837209,7.22891566265061,25.0,72.5,28.3333333333333,30.0,0.24690482131212,,0.19757243797038,1.27264356451424,12.4973092658064,38.9583333333333,0.572373607932247
P022,E1,5.0,5.34,3.54,144.09,1.0,A,1.8468787684491343,1.5129270120532563,4.977354239527593,-1.8468787684491343,-1.5129270120532563,-4.977354239527593,-1.5302192121137137,-0.6558038281516204,0.2161099977812244,-0.6566376808280366,0023-09-29 09:35:18,8.0,2330.0,-100.0,250.0,930.0,1250.0,14.0,22.0,28.5714285714286,81.8181818181818,61.0,1.0,A,-0.819128682212058,A,5.4945054945055,39.3258426966292,16.1290322580645,19.5652173913043,55.0,86.6666666666667,62.5,70.8333333333333,-0.528148071146109,-0.252427817813865,-0.506767140333567,-0.480414403503664,20.1286494601259,68.75,-0.441939358199301
P022,E2,2.0,1.61,2.91,45.37,12.0,A,0.959350221334602,1.3635373739972745,3.836652698403369,-0.959350221334602,-1.3635373739972745,-3.836652698403369,0.831252840229491,0.1740537670653271,2.2511381900483176,1.0854815991143785,0023-12-06 11:03:06,5.0,8820.0,0.0,900.0,1170.0,6750.0,14.0,21.0,100.0,100.0,326.0,12.0,A,2.11289854828519,A,11.1111111111111,54.4303797468354,14.6067415730337,16.4705882352941,40.8333333333333,90.8333333333333,60.0,45.8333333333333,1.341420357321,-0.209451662959889,0.0303848467233348,0.0686738688621757,24.1547051665686,59.375,0.307756852486655
P022,E3,2.0,2.07,3.09,43.31,13.0,A,1.1216775615991057,1.4085449700547104,3.7912103852113983,-1.1216775615991057,-1.4085449700547104,-3.7912103852113983,0.3993439415105821,-0.0759628734243102,2.332207939788772,0.885196335958348,0024-01-11 15:52:37,3.0,8270.0,-50.0,500.0,1070.0,6750.0,12.0,21.0,100.0,95.2380952380952,323.0,13.0,A,1.86442166434475,A,18.6046511627907,44.1558441558442,28.5714285714286,13.0952380952381,48.3333333333333,83.3333333333333,32.5,22.5,0.201376290835545,-0.667777704894326,-0.0419803089046128,0.0773898681701359,26.1067904963254,46.6666666666667,-0.107747963698314
P023,E1,1.0,5.1,3.66,135.55,1.0,A,1.8082887711792652,1.5390154481375546,4.916690847919714,-1.8082887711792652,-1.5390154481375546,-4.916690847919714,-1.4275417260214982,-0.8007247685435752,0.3243343734920743,-0.6346440403576664,0023-09-29 16:13:02,0.0,1560.0,-50.0,0.0,860.0,750.0,13.0,20.0,15.3846153846154,85.0,43.0,1.0,A,-1.16699631972868,A,27.0588235294118,81.9277108433735,54.2168674698795,55.1724137931034,60.0,78.3333333333333,70.8333333333333,84.1666666666667,0.0913198609281877,-0.141275191843958,0.474252524906729,0.146295354022579,54.5939539089421,73.3333333333333,0.142648137003384
P023,E2,1.0,2.5,2.97,262.53,12.0,A,1.252762968495368,1.3787660946990992,5.574167213493181,-1.252762968495368,-1.3787660946990992,-5.574167213493181,0.0505613295461989,0.0894584115620829,-0.8486130553092004,-0.2361977714003061,0023-11-15 11:58:54,1.0,4930.0,-150.0,100.0,980.0,4000.0,14.0,22.0,42.8571428571429,86.3636363636364,205.0,12.0,A,0.355489314597318,A,34.7826086956522,54.320987654321,45.4545454545455,37.1794871794872,38.3333333333333,86.6666666666667,55.8333333333333,45.0,0.426986184470992,0.695228624386531,-0.332865767630332,0.189751713193215,42.9344072460015,56.4583333333333,0.244775188605102
P023,E3,5.0,2.3,3.16,248.93,13.0,A,1.1939224684724346,1.425515074273172,5.521180878654928,-1.1939224684724346,-1.425515074273172,-5.521180878654928,0.2071198952416932,-0.1702315928654547,-0.7540846608840666,-0.2390654528359427,0023-12-14 11:35:37,1.0,3670.0,0.0,150.0,1020.0,2500.0,15.0,19.0,26.6666666666667,100.0,142.0,13.0,A,-0.213748637702611,A,27.3809523809524,41.25,42.6829268292683,19.2307692307692,29.1666666666667,82.5,60.0,45.0,0.567566314821042,0.334019626417215,-0.096679802262021,0.0236846279273311,32.6361621102475,54.1666666666667,0.207147691725892
P024,E1,3.0,3.57,3.23,217.28,1.0,A,1.5195132049061133,1.4422019930581866,5.385778642318031,-1.5195132049061133,-1.4422019930581866,-5.385778642318031,-0.65918849234728,-0.2629272207196672,-0.5125250957325813,-0.4782136029331762,0023-10-02 15:03:09,8.0,2970.0,-350.0,650.0,670.0,2000.0,10.0,19.0,90.0,84.2105263157895,114.0,1.0,A,-0.529991944535904,A,11.25,51.2820512820513,14.6341463414634,12.8205128205128,30.0,60.0,36.6666666666667,36.6666666666667,0.344600545331135,0.420628253990721,0.801073723130539,-0.4247365396888,22.4966776110069,40.8333333333333,0.285391495690899
P024,E2,4.0,2.55,2.82,31.38,12.0,A,1.2669476034873244,1.3402504226184837,3.477540948249489,-1.2669476034873244,-1.3402504226184837,-3.477540948249489,0.0128198741134738,0.303412494501935,2.89179879178405,1.0693437201331528,0023-11-22 10:34:24,3.0,7320.0,-100.0,600.0,1070.0,5750.0,15.0,21.0,86.6666666666667,95.2380952380952,345.0,12.0,A,1.43523431935671,A,16.8674698795181,30.1204819277108,20.4545454545455,14.8148148148148,11.6666666666667,39.1666666666667,15.8333333333333,13.3333333333333,0.297302085255847,0.132732830445302,0.0353376319024632,0.543827226373217,20.5643280191473,20.0,0.252299943494207
P024,E3,3.0,2.6,2.76,68.6,13.0,A,1.2809338454620642,1.324418957401803,4.242764567340374,-1.2809338454620642,-1.324418957401803,-4.242764567340374,-0.0243937114641801,0.3913560883444484,1.5266286906690387,0.6311970225164356,0023-12-20 11:23:41,1.0,7410.0,-150.0,500.0,1060.0,6000.0,17.0,21.0,64.7058823529412,95.2380952380952,326.0,13.0,A,1.47589417309242,A,7.3170731707317,28.5714285714286,9.5238095238095,7.5,12.5,56.6666666666667,21.6666666666667,12.5,0.398727763757668,0.608970191174716,0.714326076645261,0.999215364365262,13.2280778164925,25.8333333333333,0.680309848985727
P025,E1,5.0,5.19,4.68,166.03,1.0,A,1.8229350866965048,1.7369512327330598,5.118173437001857,-1.8229350866965048,-1.7369512327330598,-5.118173437001857,-1.4665115877529409,-1.9002556084954847,-0.035113505073099,-1.1339602337738417,0023-10-04 08:54:18,2.0,1305.0,-555.0,300.0,810.0,750.0,9.0,19.0,66.6666666666667,78.9473684210526,45.0,1.0,A,-1.28219923864652,A,11.9565217391304,27.3972602739726,30.4878048780488,19.4805194805195,23.3333333333333,84.1666666666667,73.3333333333333,72.5,-0.091322820161465,-0.519338150683278,-1.19937103269199,-0.118518308301254,22.3305265929178,63.3333333333333,-0.482137577959497
P025,E2,2.0,1.82,3.57,149.75,12.0,A,1.0367368849500225,1.5195132049061133,5.015622835607295,-1.0367368849500225,-1.5195132049061133,-5.015622835607295,0.6253479778495359,-0.6923900481440579,0.147838264034006,0.026932064579828,0023-12-14 15:31:02,3.0,5100.0,-600.0,50.0,650.0,5000.0,13.0,20.0,61.5384615384615,65.0,263.0,12.0,A,0.432291260542546,A,2.4390243902439,11.8421052631579,7.5,2.5,19.1666666666667,58.3333333333333,20.8333333333333,25.8333333333333,-0.319593047410005,0.496937672388984,0.107304482695129,0.235645813530131,6.07028241335045,31.0416666666667,0.13007373030106
P025,E3,5.0,1.64,3.27,250.19,13.0,A,0.9707789171582248,1.451613827240533,5.5262096248844506,-0.9707789171582248,-1.451613827240533,-5.5262096248844506,0.8008441892965611,-0.3152098434154645,-0.7630560175272338,-0.0924738905487124,0024-01-15 15:32:34,2.0,5050.0,-650.0,350.0,600.0,4750.0,12.0,20.0,91.6666666666667,60.0,258.0,13.0,A,0.409702452911597,A,2.6666666666667,8.75,3.75,5.1948051948052,19.1666666666667,42.5,18.3333333333333,19.1666666666667,1.01065908790788,0.713860524829988,-0.133232468450725,0.670132225746958,5.09036796536797,24.7916666666667,0.565354842508525
P026,E1,3.0,6.84,3.92,191.63,1.0,A,2.0592388343623163,1.5933085305042167,5.2607712504740665,-2.0592388343623163,-1.5933085305042167,-5.2607712504740665,-2.0952515846702044,-1.1023221708535655,-0.2895100848178696,-1.1623612801138798,0023-10-05 15:48:35,0.0,1805.0,-275.0,1200.0,630.0,250.0,18.0,20.0,72.2222222222222,75.0,19.0,1.0,A,-1.05631116233703,A,9.8765432098765,58.1395348837209,28.4090909090909,21.6867469879518,52.5,70.8333333333333,59.1666666666667,71.6666666666667,0.78766467345775,0.057612630314522,-0.213116766587759,-0.857808158810391,29.52797899766,63.5416666666667,-0.0564119054064695
P026,E2,4.0,1.8,2.71,173.56,12.0,A,1.029619417181158,1.3110318766193438,5.16226852208476,-1.029619417181158,-1.3110318766193438,-5.16226852208476,0.644285623601067,0.4657211568302794,-0.1137797802108418,0.3320756667401682,0023-12-07 12:00:34,3.0,4525.0,-385.0,800.0,860.0,3250.0,13.0,21.0,84.6153846153846,80.9523809523809,176.0,12.0,A,0.172519972786627,A,20.2380952380952,45.7831325301205,21.5909090909091,24.4186046511628,31.6666666666667,71.6666666666667,54.1666666666667,55.8333333333333,0.299578878094313,0.128781043036389,0.569303292620377,-0.0071082516123914,28.0076853775719,53.3333333333333,0.247638740534672
P026,E3,2.0,1.84,3.11,167.91,13.0,A,1.043804052173115,1.413423028508143,5.129366028692254,-1.043804052173115,-1.413423028508143,-5.129366028692254,0.6065441681683414,-0.103060427914511,-0.0550812519493283,0.1494674961015006,0024-01-09 18:05:28,2.0,3955.0,-185.0,750.0,890.0,2500.0,14.0,20.0,78.5714285714286,90.0,162.0,13.0,A,-0.0849924342061983,A,10.4651162790698,36.4705882352941,26.7441860465116,29.2929292929293,25.0,60.0,35.8333333333333,42.5,0.0624226581219027,0.654878170640326,0.725909811018299,0.280151782134145,25.7432049634512,40.8333333333333,0.430840605478668
P027,E1,2.0,11.54,4.01,932.71,1.0,B,2.5289235352047745,1.6114359150967734,6.839165897510712,-2.5289235352047745,-1.6114359150967734,-6.839165897510712,-3.34495481738156,-1.2030195684864229,-3.1053891640004587,-2.55112118328948,0023-10-06 14:01:18,0.0,740.0,-1030.0,350.0,920.0,500.0,15.0,21.0,53.3333333333333,80.9523809523809,48.0,1.0,B,-1.53745276487625,B,5.81395348837211,26.25,22.4719101123596,27.6595744680851,60.8333333333333,74.1666666666667,58.3333333333333,72.5,0.361256765044023,0.610067554316355,0.286619880928606,-0.869148116021026,20.5488595172042,66.4583333333333,0.0971990210669895
P027,E2,5.0,3.14,3.56,84.83,12.0,B,1.420695787837223,1.5173226235262949,4.452368595730128,-1.420695787837223,-1.5173226235262949,-4.452368595730128,-0.3962622242834618,-0.6802213956214385,1.1526920458868168,0.0254028086606388,0023-12-13 16:30:11,4.0,3190.0,-100.0,300.0,740.0,2250.0,16.0,20.0,56.25,80.0,116.0,12.0,B,-0.430601190959726,B,12.6436781609195,29.7619047619048,9.1954022988506,66.6666666666667,55.0,79.1666666666667,55.0,65.8333333333333,0.0229311066768632,0.18978815351043,0.120994755412724,-1.1476623667154,29.5669129720854,63.75,-0.203487087778846
P027,E3,2.0,2.93,3.14,153.31,13.0,B,1.3686394258811698,1.420695787837223,5.038963566083114,-1.3686394258811698,-1.420695787837223,-5.038963566083114,-0.2577544046696122,-0.1434605162068481,0.1061980603225376,-0.0983389535179742,0024-01-16 15:04:05,1.0,3080.0,-220.0,400.0,650.0,2250.0,16.0,19.0,43.75,73.6842105263158,110.0,13.0,B,-0.480296567747815,B,18.0722891566265,18.4210526315789,23.5294117647059,28.0,41.6666666666667,72.5,57.5,65.0,0.0819268319514882,0.61360965337374,-0.0036729800562089,-1.01798066617907,22.0056883882278,59.1666666666667,-0.0815292902275127
P028,E1,4.0,6.12,3.0,179.99,1.0,B,1.9629077254238845,1.3862943611198906,5.19844178112078,-1.9629077254238845,-1.3862943611198906,-5.19844178112078,-1.8389407062551808,0.0476389845294709,-0.1783134021010435,-0.6565383746089178,0023-10-12 10:40:14,6.0,1295.0,-255.0,100.0,700.0,750.0,6.0,20.0,33.3333333333333,75.0,42.0,1.0,B,-1.28671700017271,B,22.680412371134,43.6781609195402,24.468085106383,23.5294117647059,48.3333333333333,69.1666666666667,45.0,55.0,-0.740441214743913,-0.284078776703589,-0.345110743854493,-0.217195112952256,28.5890175404408,54.375,-0.396706462063563
P028,E2,1.0,1.64,2.28,100.52,12.0,B,0.9707789171582248,1.1878434223960523,4.620255823406132,-0.9707789171582248,-1.1878434223960523,-4.620255823406132,0.8008441892965611,1.1500314993047998,0.8531787822284618,0.9346848236099408,0023-12-05 12:19:08,1.0,5870.0,-50.0,500.0,920.0,4500.0,9.0,21.0,88.8888888888889,85.7142857142857,207.0,12.0,B,0.780158898059169,B,29.5454545454545,48.6486486486487,57.3170731707317,48.1481481481482,59.1666666666667,75.8333333333333,67.5,58.3333333333333,-0.421530080207628,-1.06559450342617,-0.57229124668411,0.250969504099774,45.9148311282458,65.2083333333333,-0.452111581554534
P028,E3,1.0,1.07,2.1,106.75,13.0,B,0.7275486072772779,1.1314021114911006,4.6798137289838575,-0.7275486072772779,-1.1314021114911006,-4.6798137289838575,1.4480138842140038,1.4635622846255545,0.7469266097245114,1.2195009261880232,0024-01-10 16:50:38,5.0,5420.0,-600.0,950.0,820.0,4250.0,14.0,18.0,85.7142857142857,88.8888888888889,196.0,13.0,B,0.576859629380623,B,24.0506329113924,41.5584415584416,29.7619047619048,25.3164556962025,34.1666666666667,65.8333333333333,38.3333333333333,35.0,-0.0344333139055442,0.0561961515413912,-0.0828639778554312,-0.102084010495897,30.1718587319853,43.3333333333333,-0.0407962876788703
P029,E1,5.0,5.99,3.4,172.33,1.0,A,1.944480556245719,1.4816045409242156,5.155197291953219,-1.944480556245719,-1.4816045409242156,-5.155197291953219,-1.7899110213402434,-0.4818078876991939,-0.1011646024865156,-0.790961170508651,0023-10-24 18:05:34,8.0,2355.0,-135.0,350.0,1140.0,1000.0,8.0,22.0,62.5,95.4545454545455,49.0,1.0,A,-0.807834278396584,A,1.2048192771084,20.4819277108434,1.1627906976744,10.126582278481,61.6666666666667,61.6666666666667,40.0,58.3333333333333,0.256671181185548,0.234880523005336,0.418181162972808,-0.408276691777893,8.2440299910268,55.4166666666667,0.12536404384645
P029,E2,1.0,1.62,2.52,56.42,12.0,A,0.9631743177730056,1.2584609896100056,4.050392674692918,-0.9631743177730056,-1.2584609896100056,-4.050392674692918,0.8210779597773477,0.7577517851904794,1.869822953869143,1.1495508996123234,0023-12-19 17:52:35,2.0,4470.0,-50.0,900.0,1120.0,2500.0,12.0,22.0,100.0,95.4545454545455,127.0,12.0,A,0.147672284392582,A,2.4691358024691,15.8536585365854,3.5714285714286,6.89655172413789,34.1666666666667,61.6666666666667,36.6666666666667,46.6666666666667,0.676630850217396,0.982587562287505,0.476755930150407,0.668150411542858,7.19769365865525,44.7916666666667,0.701031188549541
P029,E3,1.0,1.91,2.68,59.72,13.0,A,1.0681530811834012,1.3029127521808397,4.106273133087375,-1.0681530811834012,-1.3029127521808397,-4.106273133087375,0.5417580250111168,0.5108227928572663,1.7701314007943114,0.9409040728875648,0024-01-19 15:48:40,1.0,3910.0,-150.0,1200.0,1110.0,1750.0,15.0,22.0,100.0,95.4545454545455,93.0,13.0,A,-0.105322361074053,A,0.0,6.3291139240506,2.38095238095239,1.21951219512199,21.6666666666667,53.3333333333333,23.3333333333333,26.6666666666667,0.24188161047522,0.707683591492659,0.747135737444802,0.693671789771229,2.48239462503124,31.25,0.597593182295977
P030,E1,4.0,3.59,3.18,472.68,1.0,A,1.5238800240724537,1.430311246536665,6.1605319882235205,-1.5238800240724537,-1.430311246536665,-6.1605319882235205,-0.6708074103555802,-0.1968742705814088,-1.894696368524113,-0.9207926831537008,0023-10-26 11:23:28,6.0,1395.0,-325.0,400.0,820.0,500.0,13.0,19.0,46.1538461538462,84.2105263157895,28.0,1.0,A,-1.24153938491081,A,0.0,12.4137931034483,2.1276595744681,2.247191011236,40.0,80.0,30.0,38.3333333333333,-0.061279685362636,0.0290602558107776,,0.312480308074277,4.1971609222881,47.0833333333333,0.0934202928408062
P030,E2,3.0,1.22,2.44,113.98,12.0,A,0.797507195884188,1.235471471385307,4.744758200195145,-0.797507195884188,-1.235471471385307,-4.744758200195145,1.2618731089637911,0.8854582751278559,0.6310647255399825,0.9261320365438768,0023-12-21 10:40:32,5.0,5250.0,0.0,1200.0,1050.0,3000.0,16.0,20.0,87.5,100.0,163.0,12.0,A,0.500057683435395,A,3.5294117647059,8.4210526315789,2.2988505747126,2.5,19.1666666666667,68.3333333333333,21.6666666666667,21.6666666666667,-0.172384551108874,-0.323033574261928,0.636283989666733,0.243911181428767,4.18732874274935,32.7083333333333,0.0961942614311745
P030,E3,5.0,1.14,2.38,129.26,13.0,A,0.7608058290337599,1.2178757094949273,4.869532453118255,-0.7608058290337599,-1.2178757094949273,-4.869532453118255,1.359525463225357,0.9832025152128916,0.4084656378615849,0.9170645387666112,0024-01-22 16:35:22,3.0,4450.0,0.0,1050.0,1150.0,2250.0,13.0,21.0,92.3076923076923,100.0,111.0,13.0,A,0.138636761340202,A,1.21951219512199,3.7037037037037,1.25,0.0,17.5,43.3333333333333,20.0,23.3333333333333,0.416187233884599,0.141915007384055,0.800879686978917,0.742043515000552,1.54330397470642,26.0416666666667,0.525256360812031
P031,E1,5.0,3.81,3.37,146.01,1.0,B,1.57069708411767,1.4747630091074988,4.990500611675875,-1.57069708411767,-1.4747630091074988,-4.990500611675875,-0.7953748726970308,-0.4438032629146206,0.1926566780623593,-0.348840485849764,0023-11-08 17:44:46,0.0,3460.0,-150.0,950.0,1160.0,1500.0,11.0,23.0,100.0,91.304347826087,75.0,1.0,B,-0.308621629752599,B,12.0481927710843,39.2857142857143,15.2941176470588,11.2359550561798,59.1666666666667,75.0,85.0,70.8333333333333,-0.827956257509903,0.436291333471491,-1.45827915226113,-0.447404284772687,19.4659949400093,72.5,-0.574337090268057
P031,E2,3.0,1.39,1.91,64.78,12.0,B,0.8712933659434192,1.0681530811834012,4.186315840760911,-0.8712933659434192,-1.0681530811834012,-4.186315840760911,1.0655481805873388,1.8149098671886907,1.627334042476987,1.502597363417672,0023-12-20 16:01:36,3.0,8090.0,-100.0,900.0,1040.0,6250.0,14.0,21.0,92.8571428571429,90.4761904761905,306.0,12.0,B,1.78310195687333,B,14.1176470588235,19.5652173913043,6.8181818181818,9.7560975609756,59.1666666666667,57.5,63.3333333333333,58.3333333333333,-0.0271761123440793,0.603258837799786,-0.0809808723384547,0.221715018778921,12.5642859573213,59.5833333333333,0.179204217974043
P031,E3,2.0,1.09,1.96,73.69,13.0,B,0.7371640659767196,1.085189268335969,4.313346214368975,-0.7371640659767196,-1.085189268335969,-4.313346214368975,1.422429764060332,1.7202740578643667,1.4007100025797008,1.5144712748348,0024-01-22 18:12:03,5.0,8590.0,-100.0,900.0,1040.0,6750.0,15.0,20.0,86.6666666666667,95.0,329.0,13.0,B,2.00899003318282,B,10.4651162790698,16.8539325842697,7.7777777777778,6.45161290322579,66.6666666666667,73.3333333333333,72.5,71.6666666666667,-0.89198882867902,0.4132618749831,,-0.585299695464918,10.3871098860858,71.0416666666667,-0.354675549720279
